Build Order,Tool Name,Suggested Slug,Phase,Category,Primary Region,Primary Keyword,Traffic Potential,Ranking Difficulty,Required Inputs,Required Outputs,Core Calculation Logic,Maintenance,No Production API,Official / Reference Source,Internal-Link Cluster,Claude Implementation Notes,Build Status
1,Weighted Grade Calculator,/weighted-grade-calculator/,Phase 1,Student & Academic,Global,weighted grade calculator,High,Medium,"Assessment names, scores, weights","Weighted grade, contribution by item, unused weight",SUM(score × weight) ÷ SUM(weights),Evergreen,Yes,https://www.calculator.net/,Grades,Keep distinct from the existing Grade Needed Calculator; support points and percentage modes.,Not Started
2,Student Budget Calculator,/student-budget-calculator/,Phase 1,Student & Academic,Global,student budget calculator,High,Medium,"Income, aid, rent, food, transport, books, personal costs","Monthly/term surplus or deficit, category shares",Total income − total expenses; normalize all frequencies to monthly,Evergreen,Yes,https://www.fcac-acfc.gc.ca/,Student Money,,Not Started
3,Dissertation Word Count Calculator,/dissertation-word-count-calculator/,Phase 1,Student & Academic,Global / UK focus,dissertation word count calculator,Medium,Low,"Total word limit, research type, custom chapter percentages","Words per chapter, tolerance, progress",Total words × chapter allocation percentages,Evergreen,Yes,https://www.calculatorsoup.com/,Writing & Research,,Not Started
4,Essay Word Count Calculator,/essay-word-count-calculator/,Phase 1,Student & Academic,Global,essay word count calculator,Medium,Low,"Word limit, paragraph count, custom intro/body/conclusion ratios",Words per section and body paragraph,Total words × section ratios,Evergreen,Yes,https://www.calculatorsoup.com/,Writing & Research,,Not Started
5,Advanced Course Grade Scenario Calculator,/advanced-course-grade-scenario-calculator/,Phase 1,Student & Academic,Global,advanced course grade scenario calculator,High,Medium,"Completed weighted items, remaining items, multiple score scenarios",Projected final grade for each scenario,Completed contribution + SUM(future score × future weight),Evergreen,Yes,https://www.calculator.net/,Grades,Do not target the same primary keyword as the existing Grade Needed page.,Not Started
6,Salary and Hourly Pay Converter,/salary-and-hourly-pay-converter/,Phase 1,Career & Pay,Global,salary and hourly pay converter,High,High,"Salary or hourly pay, weekly hours, working weeks","Hourly, daily, weekly, monthly, annual equivalents",Annual = hourly × weekly hours × working weeks; reverse for hourly,Evergreen,Yes,https://www.omnicalculator.com/,Career & Pay,One dual-mode page replaces two overlapping calculator ideas.,Not Started
7,Freelance Rate Calculator,/freelance-rate-calculator/,Phase 1,Career & Pay,Global,freelance rate calculator,Medium,Medium,"Income goal, expenses, tax reserve, billable hours, leave",Minimum hourly/day/project rates,(Income goal + costs + tax reserve) ÷ annual billable hours,Evergreen,Yes,https://www.upwork.com/tools/freelance-rate-calculator,Freelance Business,,Not Started
8,Contractor vs Employee Pay Calculator,/contractor-vs-employee-pay-calculator/,Phase 1,Career & Pay,Global,contractor vs employee pay calculator,Medium,High,"Salary/rate, paid leave, benefits, business costs, billable time",Equivalent total compensation and break-even contractor rate,Compare annual employee total value with contractor net value,Evergreen,Yes,https://www.calculator.net/,Career & Pay,,Not Started
9,Job Offer Comparison Calculator,/job-offer-comparison-calculator/,Phase 1,Career & Pay,Global,job offer comparison calculator,Medium,High,"Salary, bonus, benefits, leave, commute cost/time, hours","Adjusted annual value, effective hourly value, comparison",Total compensation − annual costs; divide by total work/commute hours,Evergreen,Yes,https://www.omnicalculator.com/,Career & Pay,,Not Started
10,Profit Margin and Markup Calculator,/profit-margin-and-markup-calculator/,Phase 1,Business & Marketing,Global,profit margin and markup calculator,High,High,"Cost, selling price, revenue, target margin or markup","Profit, margin, markup, price required",Margin=(price−cost)/price; markup=(price−cost)/cost,Evergreen,Yes,https://www.calculatorsoup.com/,Business Pricing,One page should solve for any missing variable.,Not Started
11,Break-Even Point Calculator,/break-even-point-calculator/,Phase 1,Business & Marketing,Global,break-even point calculator,High,Medium,"Fixed costs, selling price, variable cost, expected units",Break-even units/revenue and margin of safety,Fixed costs ÷ contribution per unit,Evergreen,Yes,https://www.sba.gov/business-guide/plan-your-business/calculate-your-startup-costs/break-even-point,Business Pricing,,Not Started
12,Product Pricing Calculator,/product-pricing-calculator/,Phase 1,Business & Marketing,Global,product pricing calculator,Medium,Medium,"Unit cost, overhead, platform/payment fees, discounts, target margin","Required list price, sale price, net profit",Solve price so net revenue after percentage fees covers cost and target margin,Evergreen,Yes,https://www.omnicalculator.com/,Business Pricing,,Not Started
13,Freelance Project Profit Calculator,/freelance-project-profit-calculator/,Phase 1,Business & Marketing,Global,freelance project profit calculator,Medium,Medium,"Quoted fee, hours, hourly cost, direct expenses, platform fees","Net profit, effective hourly rate, margin",Revenue − labour cost − direct costs − fees,Evergreen,Yes,https://www.omnicalculator.com/,Freelance Business,,Not Started
14,Credit Card Payoff Calculator,/credit-card-payoff-calculator/,Phase 1,Personal Finance,Global,credit card payoff calculator,High,High,"Balance, APR, minimum rule, fixed/extra payment","Payoff date, interest, schedule, savings",Iterate monthly balance with periodic interest and payment,Evergreen,Yes,https://www.fcac-acfc.gc.ca/,Debt & Savings,,Not Started
15,Savings Goal Calculator,/savings-goal-calculator/,Phase 1,Personal Finance,Global,savings goal calculator,High,Medium,"Target, current savings, deadline, rate, contribution frequency",Required contribution or time to goal,Future-value annuity formula; solve selected unknown,Evergreen,Yes,https://moneysmart.gov.au/,Debt & Savings,,Not Started
16,UK Take-Home Pay Calculator,/uk-take-home-pay-calculator/,Phase 1,Regional Pay & Tax,UK,uk take-home pay calculator,High,High,"Salary, tax year, tax code, pension, student-loan plan, pay frequency","PAYE, NI, pension, loan deductions, net pay",Versioned progressive PAYE + NI + pension + student-loan tables,Update each UK tax year,Yes,https://www.gov.uk/guidance/hmrc-tools-and-calculators,UK Tools,Store tax-year rules in a separate versioned constants file.,Not Started
17,UK Holiday Entitlement Calculator,/uk-holiday-entitlement-calculator/,Phase 1,Regional Employment,UK,uk holiday entitlement calculator,High,High,"Work pattern, hours/days, employment dates, leave year","Statutory entitlement, accrued and remaining leave","Apply GOV.UK rules for regular, part-year and irregular-hours workers",Monitor UK employment rules,Yes,https://www.gov.uk/calculate-your-holiday-entitlement,UK Tools,,Not Started
18,Pakistan Pension and Commutation Calculator,/pakistan-pension-and-commutation-calculator/,Phase 1,Regional Employment,Pakistan,pakistan pension and commutation calculator,Medium,Medium,"Last pensionable pay, service, retirement date, age, commutation choice","Gross/net pension, commutation, restoration date",Use jurisdiction-specific pension and commutation factors,Monitor federal/provincial rules,Yes,https://pension.agpr.gov.pk/pensioncal/pencal.html,Pakistan Tools,Require jurisdiction selection; never mix federal and provincial assumptions.,Not Started
19,Pakistan Zakat Calculator,/pakistan-zakat-calculator/,Phase 1,Regional Finance,Pakistan,pakistan zakat calculator,Medium / Seasonal High,Medium,"Cash, gold, silver, investments, inventory, receivables, liabilities, manual nisab rate","Zakatable wealth, nisab result, zakat due",2.5% × net zakatable wealth when chosen nisab threshold is met,Review guidance annually,Yes,https://www.fbr.gov.pk/,Pakistan Tools,No live metal-price API; user enters the current gold or silver rate.,Not Started
20,UAE Gratuity Calculator,/uae-gratuity-calculator/,Phase 1,Regional Employment,UAE,uae gratuity calculator,High,Medium,"Basic salary, start/end dates, unpaid leave, exit reason","Service period, gratuity, cap and breakdown",UAE labour-law day-rate tiers and two-year wage cap,Monitor UAE labour law,Yes,https://dda.gov.ae/en/gratuity-calculator/gratuity-calculator,Gulf Tools,,Not Started
21,Saudi End-of-Service Calculator,/saudi-end-of-service-calculator/,Phase 1,Regional Employment,Saudi Arabia,saudi end-of-service calculator,High,Medium,"Last wage basis, dates, exit reason, contract details","Base award, resignation reduction, final EOSB",Half-month first five years; full month later; apply legal reductions,Monitor Saudi labour law,Yes,https://www.hrsd.gov.sa/en/ministry-services/services/end-service-benefit-calculator,Gulf Tools,,Not Started
22,Kuwait Indemnity Calculator,/kuwait-indemnity-calculator/,Phase 1,Regional Employment,Kuwait,kuwait indemnity calculator,Medium,Medium,"Wage, dates, worker type, exit reason",Indemnity and final settlement estimate,Use Kuwait worker-type and resignation/termination rules,Monitor Kuwait labour law,Yes,https://mukafi.com/,Gulf Tools,,Not Started
23,Canada Mortgage Stress Test and GDS/TDS Calculator,/canada-mortgage-stress-test-and-gds-tds-calculator/,Phase 1,Regional Housing,Canada,canada mortgage stress test and gds/tds calculator,High,High,"Income, housing costs, debts, rate, amortization, down payment","GDS, TDS, qualifying payment, maximum mortgage estimate",Canadian qualifying-rate payment plus GDS/TDS constraints,Monitor Canadian lending rules,Yes,https://www.cmhc-schl.gc.ca/consumers/home-buying/calculators,Canada Tools,,Not Started
24,Australia Superannuation Contribution Calculator,/australia-superannuation-contribution-calculator/,Phase 1,Regional Employment,Australia,australia superannuation contribution calculator,High,High,"Ordinary-time earnings, pay frequency, employer rate, extra contribution",Employer/employee contribution and annual total,Versioned statutory contribution rate × eligible earnings,Update each financial year,Yes,https://moneysmart.gov.au/,Australia Tools,,Not Started
25,India Gratuity Calculator,/india-gratuity-calculator/,Phase 1,Regional Employment,India,india gratuity calculator,High,High,"Last drawn wages, dates, worker type, exit reason","Eligible service, gratuity and cap","Apply current service rounding, wage definition and statutory cap",Monitor Indian labour rules,Yes,https://labour.gov.in/en/faqs-labour-codes,India Tools,,Not Started
26,College Cost Calculator,/college-cost-calculator/,Phase 2,Student & Academic,Global / USA focus,college cost calculator,High,High,"Tuition, fees, housing, food, books, transport, aid, years","Annual and degree cost, funding gap",Sum yearly direct/indirect costs minus aid,Evergreen; local fees entered by user,Yes,https://www.calculator.net/,Student Money,,Not Started
27,Education ROI Calculator,/education-roi-calculator/,Phase 2,Student & Academic,Global,education roi calculator,Medium,Medium,"Education cost, current/expected salary, years, discount rate","Payback period, simple ROI, discounted value",Compare cumulative earnings uplift with total education cost,Evergreen,Yes,https://www.omnicalculator.com/,Student Money,,Not Started
28,Degree Progress and Graduation Calculator,/degree-progress-and-graduation-calculator/,Phase 2,Student & Academic,Global,degree progress and graduation calculator,Medium,Medium,"Credits required/completed, future load, terms per year","Completion percentage, terms left, graduation estimate",Credits remaining ÷ credits per term,Evergreen,Yes,https://www.calculatorsoup.com/,Grades,,Not Started
29,Exam Study Planner Calculator,/exam-study-planner-calculator/,Phase 2,Student & Academic,Global,exam study planner calculator,Medium,Medium,"Exam dates, topics, difficulty, confidence, available hours",Daily/weekly topic allocation and completion plan,Weighted allocation of hours by urgency × difficulty × low confidence,Evergreen,Yes,https://www.calculatorsoup.com/,Study Productivity,Expand beyond the existing Study Hours Planner with multi-exam scheduling.,Not Started
30,Mean Median Mode and Range Calculator,/mean-median-mode-and-range-calculator/,Phase 2,Math & Statistics,Global,mean median mode and range calculator,High,High,Number list,"Mean, median, modes, range, sum, count",Standard descriptive-statistics formulas,Evergreen,Yes,https://www.calculatorsoup.com/,Math & Statistics,,Not Started
31,Standard Deviation and Variance Calculator,/standard-deviation-and-variance-calculator/,Phase 2,Math & Statistics,Global,standard deviation and variance calculator,High,High,"Number list, sample/population choice","Mean, variance, standard deviation, deviations",Population or sample variance and square root,Evergreen,Yes,https://www.calculatorsoup.com/,Math & Statistics,,Not Started
32,Sample Size Calculator,/sample-size-calculator/,Phase 2,Math & Statistics,Global,sample size calculator,High,High,"Population, confidence, margin of error, expected proportion",Required sample with finite-population adjustment,Cochran formula plus finite population correction,Evergreen,Yes,https://www.calculatorsoup.com/,Math & Statistics,,Not Started
33,Confidence Interval Calculator,/confidence-interval-calculator/,Phase 2,Math & Statistics,Global,confidence interval calculator,High,High,"Mean/proportion, sample size, SD, confidence level",Lower/upper bounds and margin of error,Estimate ± critical value × standard error,Evergreen,Yes,https://www.calculatorsoup.com/,Math & Statistics,,Not Started
34,Z-Score Calculator,/z-score-calculator/,Phase 2,Math & Statistics,Global,z-score calculator,High,High,"Value, mean, standard deviation",Z-score and relative position,z=(x−mean)/standard deviation,Evergreen,Yes,https://www.calculatorsoup.com/,Math & Statistics,,Not Started
35,Probability Calculator,/probability-calculator/,Phase 2,Math & Statistics,Global,probability calculator,High,High,"Event probabilities, AND/OR/complement mode",Combined probability in decimal/percent,"Addition, multiplication and complement rules",Evergreen,Yes,https://www.calculatorsoup.com/,Math & Statistics,,Not Started
36,Permutation and Combination Calculator,/permutation-and-combination-calculator/,Phase 2,Math & Statistics,Global,permutation and combination calculator,High,High,"n, r, repetition option","nPr, nCr and steps",Factorial-based permutation/combination formulas,Evergreen,Yes,https://www.calculatorsoup.com/,Math & Statistics,,Not Started
37,Fraction Calculator,/fraction-calculator/,Phase 2,Math & Statistics,Global,fraction calculator,High,High,Two fractions and operation,"Simplified fraction, mixed number, decimal",Common-denominator arithmetic and GCD reduction,Evergreen,Yes,https://www.calculatorsoup.com/,Math & Statistics,,Not Started
38,Ratio and Proportion Calculator,/ratio-and-proportion-calculator/,Phase 2,Math & Statistics,Global,ratio and proportion calculator,High,High,Ratio/proportion values and missing variable,"Simplified ratio, scale factor, missing value",GCD simplification and cross multiplication,Evergreen,Yes,https://www.calculatorsoup.com/,Math & Statistics,,Not Started
39,Scientific Notation Converter,/scientific-notation-converter/,Phase 2,Math & Statistics,Global,scientific notation converter,Medium,High,Ordinary or scientific-notation number,"Converted value, coefficient and exponent",Normalize coefficient to 1≤|a|<10,Evergreen,Yes,https://www.calculatorsoup.com/,Math & Statistics,,Not Started
40,Significant Figures Calculator,/significant-figures-calculator/,Phase 2,Math & Statistics,Global,significant figures calculator,High,High,Number/expression and required significant figures,Rounded value and sig-fig count,Apply standard significant-figure and operation rules,Evergreen,Yes,https://www.calculatorsoup.com/,Math & Statistics,,Not Started
41,Quadratic Equation Calculator,/quadratic-equation-calculator/,Phase 2,Math & Statistics,Global,quadratic equation calculator,High,High,"a, b, c","Roots, discriminant, vertex, axis",Quadratic formula and vertex formulas,Evergreen,Yes,https://www.calculatorsoup.com/,Math & Statistics,,Not Started
42,Linear Equation and Slope Calculator,/linear-equation-and-slope-calculator/,Phase 2,Math & Statistics,Global,linear equation and slope calculator,High,High,Two points or slope/intercept,"Slope, intercept, equation and distance",m=(y2−y1)/(x2−x1); derive intercept,Evergreen,Yes,https://www.calculatorsoup.com/,Math & Statistics,,Not Started
43,Data Storage and Transfer Time Calculator,/data-storage-and-transfer-time-calculator/,Phase 2,Technology,Global,data storage and transfer time calculator,Medium,Medium,"File size, unit, transfer speed, overhead",Converted size and estimated transfer time,Bits ÷ effective bits per second,Evergreen,Yes,https://www.calculatorsoup.com/,Technology,,Not Started
44,Pay Raise Calculator,/pay-raise-calculator/,Phase 2,Career & Pay,Global,pay raise calculator,High,High,"Current pay, raise percent or new pay, frequency",New pay and differences by period,New=old×(1+raise rate),Evergreen,Yes,https://www.calculator.net/,Career & Pay,,Not Started
45,Overtime Pay Calculator,/overtime-pay-calculator/,Phase 2,Career & Pay,Global,overtime pay calculator,High,High,"Base rate, regular/overtime hours, threshold, multiplier","Regular, overtime and total pay",Base×regular hours + base×multiplier×overtime hours,Evergreen; user defines local rule,Yes,https://www.dol.gov/agencies/whd/overtime/tools,Career & Pay,,Not Started
46,Sales Commission Calculator,/sales-commission-calculator/,Phase 2,Career & Business,Global,sales commission calculator,Medium,Medium,"Sales, flat/tiered rates, quota, accelerators, base pay","Commission, attainment and total earnings",Apply selected flat or cumulative tier formula,Evergreen,Yes,https://www.calculatorsoup.com/,Career & Pay,,Not Started
47,PTO Accrual Calculator,/pto-accrual-calculator/,Phase 2,Career & Pay,Global,pto accrual calculator,Medium,Medium,"Accrual rule, hours/periods worked, starting balance, usage, cap",Earned PTO and balance,"Starting + accrued − used, constrained by cap",Evergreen; user defines policy,Yes,https://www.calculatorsoup.com/,Career & Pay,,Not Started
48,Notice Period End Date Calculator,/notice-period-end-date-calculator/,Phase 2,Career & Pay,Global,notice period end date calculator,Medium,Medium,"Notice date, length, calendar/business day mode, holidays",Last working day and handover duration,Date arithmetic excluding selected weekends/holidays,Evergreen,Yes,https://www.calculatorsoup.com/,Career & Pay,,Not Started
49,Work Experience Duration Calculator,/work-experience-duration-calculator/,Phase 2,Career & Pay,Global / India focus,work experience duration calculator,High,Medium,"Multiple employment start/end dates, overlap rule",Total experience and role breakdown,Merge overlapping date intervals then sum duration,Evergreen,Yes,https://www.calculatorsoup.com/,Career & Pay,,Not Started
50,ROAS and Advertising Metrics Calculator,/roas-and-advertising-metrics-calculator/,Phase 2,Business & Marketing,Global,roas and advertising metrics calculator,High,High,"Spend, revenue, impressions, clicks, conversions, margin","ROAS, CPM, CPC, CPA, CTR, conversion rate, break-even ROAS",Standard paid-media ratios; break-even ROAS=1/gross margin,Evergreen,Yes,https://www.omnicalculator.com/,Marketing Metrics,,Not Started
51,Customer Acquisition Cost Calculator,/customer-acquisition-cost-calculator/,Phase 2,Business & Marketing,Global,customer acquisition cost calculator,High,High,Marketing/sales costs and customers acquired,Blended/channel CAC,Acquisition costs ÷ new customers,Evergreen,Yes,https://www.omnicalculator.com/,Marketing Metrics,,Not Started
52,Customer Lifetime Value Calculator,/customer-lifetime-value-calculator/,Phase 2,Business & Marketing,Global,customer lifetime value calculator,High,High,"AOV, purchase frequency, lifespan/churn, gross margin","Revenue LTV, gross-profit LTV and LTV:CAC",AOV×frequency×lifespan×margin,Evergreen,Yes,https://www.omnicalculator.com/,Marketing Metrics,,Not Started
53,Conversion Rate Calculator,/conversion-rate-calculator/,Phase 2,Business & Marketing,Global,conversion rate calculator,High,High,"Visitors/leads, conversions, target rate","Current rate, gap and traffic required",Conversions ÷ visitors; solve target traffic,Evergreen,Yes,https://www.omnicalculator.com/,Marketing Metrics,,Not Started
54,Average Order Value Calculator,/average-order-value-calculator/,Phase 2,Business & Marketing,Global,average order value calculator,Medium,Medium,"Revenue, orders, target uplift",AOV and projected revenue,Revenue ÷ orders,Evergreen,Yes,https://www.omnicalculator.com/,Marketing Metrics,,Not Started
55,Inventory Turnover Calculator,/inventory-turnover-calculator/,Phase 2,Business & Operations,Global,inventory turnover calculator,Medium,Medium,"COGS, beginning/ending inventory, period","Average inventory, turnover, days inventory",COGS ÷ average inventory,Evergreen,Yes,https://www.calculatorsoup.com/,Business Operations,,Not Started
56,Reorder Point Calculator,/reorder-point-calculator/,Phase 2,Business & Operations,Global,reorder point calculator,Medium,Medium,"Daily demand, lead time, safety stock",Lead-time demand and reorder point,Demand×lead time + safety stock,Evergreen,Yes,https://www.calculatorsoup.com/,Business Operations,,Not Started
57,Economic Order Quantity Calculator,/economic-order-quantity-calculator/,Phase 2,Business & Operations,Global,economic order quantity calculator,Medium,Medium,"Annual demand, order cost, holding cost","EOQ, orders/year and relevant cost",SQRT(2×demand×order cost/holding cost),Evergreen,Yes,https://www.calculatorsoup.com/,Business Operations,,Not Started
58,Cash Runway Calculator,/cash-runway-calculator/,Phase 2,Business & Finance,Global,cash runway calculator,Medium,Medium,"Cash balance, inflows, outflows, optional monthly changes","Net burn, runway months and zero-cash date",Cash ÷ monthly net burn with optional month-by-month projection,Evergreen,Yes,https://www.calculator.net/,Business Finance,,Not Started
59,Sales Growth and CAGR Calculator,/sales-growth-and-cagr-calculator/,Phase 2,Business & Finance,Global,sales growth and cagr calculator,High,High,"Beginning value, ending value, periods","Absolute growth, growth rate and CAGR",CAGR=(ending/beginning)^(1/periods)−1,Evergreen,Yes,https://www.calculatorsoup.com/,Business Finance,,Not Started
60,VAT and GST Calculator,/vat-and-gst-calculator/,Phase 2,Business & Finance,Global,vat and gst calculator,High,High,"Net/gross amount, user-entered tax rate, inclusive/exclusive mode","Tax, net and gross amounts",Gross=net×(1+rate); reverse for inclusive amount,Evergreen; user enters current rate,Yes,https://www.calculatorsoup.com/,Business Finance,,Not Started
61,Compound Interest Calculator,/compound-interest-calculator/,Phase 3,Personal Finance,Global,compound interest calculator,Very High,Very High,"Principal, rate, time, compounding, regular contributions","Future value, contributions, interest and schedule",Compound future value plus annuity contributions,Evergreen,Yes,https://www.investor.gov/financial-tools-calculators/calculators/compound-interest-calculator,Debt & Savings,,Not Started
62,Simple Interest Calculator,/simple-interest-calculator/,Phase 3,Personal Finance,Global,simple interest calculator,High,High,"Principal, rate and time",Interest and final value,Interest=principal×rate×time,Evergreen,Yes,https://www.calculatorsoup.com/,Debt & Savings,,Not Started
63,Emergency Fund Calculator,/emergency-fund-calculator/,Phase 3,Personal Finance,Global,emergency fund calculator,Medium,Medium,"Essential monthly costs, dependants, stability, current savings","Recommended range, gap and savings plan",Essential costs × recommended months,Evergreen,Yes,https://www.calculator.net/,Debt & Savings,,Not Started
64,Debt-to-Income Ratio Calculator,/debt-to-income-ratio-calculator/,Phase 3,Personal Finance,Global,debt-to-income ratio calculator,High,High,Gross income and recurring debt payments,DTI ratio and user-defined risk band,Monthly debt ÷ gross monthly income,Evergreen,Yes,https://www.cmhc-schl.gc.ca/consumers/home-buying/calculators,Debt & Savings,,Not Started
65,Net Worth Calculator,/net-worth-calculator/,Phase 3,Personal Finance,Global,net worth calculator,High,High,Assets and liabilities,Net worth and category mix,Total assets − total liabilities,Evergreen,Yes,https://moneysmart.gov.au/,Debt & Savings,,Not Started
66,Discount and Sale Price Calculator,/discount-and-sale-price-calculator/,Phase 3,Everyday,Global,discount and sale price calculator,High,Very High,"Original price, stacked discounts, optional tax","Savings, sale and final checkout price",Apply sequential discounts then optional tax,Evergreen,Yes,https://www.calculatorsoup.com/,Everyday,,Not Started
67,Date Difference and Business Days Calculator,/date-difference-and-business-days-calculator/,Phase 3,Everyday,Global,date difference and business days calculator,High,Very High,"Start/end dates, weekend pattern, holidays","Calendar days, weekdays, weeks and finish date",Date difference with configurable exclusions,Evergreen,Yes,https://www.calculatorsoup.com/,Everyday,,Not Started
68,Fuel Cost Calculator,/fuel-cost-calculator/,Phase 3,Everyday,Global,fuel cost calculator,High,High,"Distance, economy, fuel price, trip frequency",Fuel used and trip/month/year cost,Distance ÷ economy × fuel price,Evergreen; user enters fuel price,Yes,https://www.calculatorsoup.com/,Everyday,,Not Started
69,Electricity Bill Estimator,/electricity-bill-estimator/,Phase 3,Everyday,Global,electricity bill estimator,High,High,"Appliance watts, hours, days, tariff, fixed charges",kWh and appliance/total cost,Watts/1000×hours×days×tariff + fixed charges,Evergreen; user enters tariff,Yes,https://www.omnicalculator.com/,Everyday,,Not Started
70,BMR and TDEE Calculator,/bmr-and-tdee-calculator/,Phase 3,Health,Global,bmr and tdee calculator,Very High,Very High,"Age, sex, height, weight, activity","BMR, TDEE and maintenance range",Mifflin-St Jeor BMR × activity factor,Review health guidance,Yes,https://www.calculator.net/,Health,Educational estimate with visible limitations; do not give medical advice.,Not Started
71,US Federal Income Tax Calculator 2026,/us-federal-income-tax-calculator-2026/,Phase 3,Regional Pay & Tax,USA,us federal income tax calculator 2026,Very High,Very High,"Income, filing status, deductions, credits, withholding","Tax, marginal/effective rate, refund/due estimate","Versioned IRS brackets, deductions and supported credits",Update annually,Yes,https://www.irs.gov/filing/federal-income-tax-rates-and-brackets,USA Tools,,Not Started
72,US Paycheck Calculator,/us-paycheck-calculator/,Phase 3,Regional Pay & Tax,USA,us paycheck calculator,Very High,Very High,"Salary/rate, state, pay frequency, filing data, deductions",Federal/FICA/state deductions and net pay,"Versioned federal, FICA and state withholding tables",Update annually,Yes,https://www.irs.gov/filing/federal-income-tax-rates-and-brackets,USA Tools,,Not Started
73,US Federal Student Loan Repayment Calculator,/us-federal-student-loan-repayment-calculator/,Phase 3,Regional Student Finance,USA,us federal student loan repayment calculator,High,Very High,"Loan balance/rate, income, household size, plan","Payment, total paid and timeline",Versioned federal repayment-plan formulas,Monitor policy changes,Yes,https://studentaid.gov/articles/compare-student-loan-repayment-plans-calculator/,USA Tools,"If current rules cannot be verified, mark BLOCKED-VERIFICATION rather than guessing.",Not Started
74,US FLSA Overtime Calculator,/us-flsa-overtime-calculator/,Phase 3,Regional Employment,USA,us flsa overtime calculator,High,High,"Regular rate, workweek hours, bonuses, commissions","Regular rate, overtime premium and total pay",Apply FLSA regular-rate and 1.5× rules for supported cases,Monitor federal/state rules,Yes,https://www.dol.gov/agencies/whd/overtime/tools,USA Tools,,Not Started
75,US 401(k) Contribution Calculator,/us-401-k-contribution-calculator/,Phase 3,Regional Retirement,USA,us 401(k) contribution calculator,High,High,"Salary, employee rate, employer match, limits, pay frequency","Annual contributions, match and remaining limit",Apply selected contribution and match formula with annual limits,Update annually,Yes,https://www.irs.gov/filing/federal-income-tax-rates-and-brackets,USA Tools,,Not Started
76,US 529 College Savings Calculator,/us-529-college-savings-calculator/,Phase 3,Regional Student Finance,USA,us 529 college savings calculator,Medium,High,"Current savings, contribution, return, years, college-cost inflation",Projected balance and funding gap,Future value versus inflation-adjusted education goal,Review annual limits/guidance,Yes,https://www.investor.gov/financial-tools-calculators/calculators/compound-interest-calculator,USA Tools,,Not Started
77,UK Self-Assessment Tax Calculator,/uk-self-assessment-tax-calculator/,Phase 3,Regional Pay & Tax,UK,uk self-assessment tax calculator,High,Very High,"Self-employed profit, other income, allowance, expenses","Income tax, Class 4 NI and estimated bill",Versioned UK self-assessment brackets and NI,Update each UK tax year,Yes,https://www.gov.uk/guidance/hmrc-tools-and-calculators,UK Tools,,Not Started
78,UK VAT Calculator,/uk-vat-calculator/,Phase 3,Regional Business Tax,UK,uk vat calculator,High,High,"Net/gross amount, rate category, inclusive/exclusive","VAT, net and gross",Apply selected current UK VAT rate,Monitor VAT rates,Yes,https://www.gov.uk/vat-rates,UK Tools,,Not Started
79,Canada Take-Home Pay Calculator,/canada-take-home-pay-calculator/,Phase 3,Regional Pay & Tax,Canada,canada take-home pay calculator,Very High,Very High,"Income, province, pay frequency, credits/deductions","Federal/provincial tax, CPP/QPP, EI and net pay",Versioned federal/provincial brackets plus payroll contributions,Update annually,Yes,https://www.fcac-acfc.gc.ca/,Canada Tools,,Not Started
80,Canada RRSP Tax Savings Calculator,/canada-rrsp-tax-savings-calculator/,Phase 3,Regional Retirement,Canada,canada rrsp tax savings calculator,High,High,"Income, province, RRSP contribution",Estimated tax before/after and marginal savings,Recalculate federal/provincial tax after deductible contribution,Update annually,Yes,https://www.canada.ca/en/revenue-agency/services/tax/individuals/topics/rrsps-related-plans.html,Canada Tools,,Not Started
81,Canada TFSA Growth Calculator,/canada-tfsa-growth-calculator/,Phase 3,Regional Retirement,Canada,canada tfsa growth calculator,Medium,Medium,"Starting balance, contributions, return, years, room",Projected growth and contribution-room usage,Compound future value with contribution tracking,Review annual TFSA limit,Yes,https://www.canada.ca/en/revenue-agency/services/tax/individuals/topics/tax-free-savings-account.html,Canada Tools,,Not Started
82,Australia Take-Home Pay Calculator,/australia-take-home-pay-calculator/,Phase 3,Regional Pay & Tax,Australia,australia take-home pay calculator,Very High,Very High,"Taxable income, residency, Medicare, HELP, frequency","Tax, Medicare, HELP and net pay",Versioned Australian tax and levy tables,Update each financial year,Yes,https://www.ato.gov.au/calculators-and-tools,Australia Tools,,Not Started
83,Australia HELP Repayment Calculator,/australia-help-repayment-calculator/,Phase 3,Regional Student Finance,Australia,australia help repayment calculator,High,High,"Repayment income, debt balance, financial year",Compulsory repayment and remaining balance estimate,Apply versioned HELP repayment thresholds/rates,Update each financial year,Yes,https://www.ato.gov.au/calculators-and-tools,Australia Tools,,Not Started
84,Australia GST Calculator,/australia-gst-calculator/,Phase 3,Regional Business Tax,Australia,australia gst calculator,High,High,Net/gross amount and inclusive/exclusive mode,"GST, net and gross",10% GST with reverse inclusive calculation; allow rule notes,Monitor GST rules,Yes,https://www.ato.gov.au/calculators-and-tools,Australia Tools,,Not Started
85,Qatar Gratuity Calculator,/qatar-gratuity-calculator/,Phase 3,Regional Employment,Qatar,qatar gratuity calculator,Medium,Medium,"Basic salary, dates, unpaid leave, eligibility",Gratuity and service breakdown,Apply Qatar statutory minimum per service year,Monitor Qatar labour law,Yes,https://mukafi.com/,Gulf Tools,,Not Started
86,Oman Gratuity Calculator,/oman-gratuity-calculator/,Phase 3,Regional Employment,Oman,oman gratuity calculator,Medium,Medium,"Basic salary, dates and transition date",Pre/post-law gratuity breakdown,Apply transition logic for service before/after the current law,Monitor Oman labour law,Yes,https://mukafi.com/,Gulf Tools,,Not Started
87,Bahrain End-of-Service Calculator,/bahrain-end-of-service-calculator/,Phase 3,Regional Employment,Bahrain,bahrain end-of-service calculator,Medium,Medium,"Wage basis, dates, employee coverage",Indemnity or contribution-based estimate,Apply current Bahrain system and transition rules,Monitor Bahrain labour/SIO rules,Yes,https://mukafi.com/,Gulf Tools,,Not Started
88,UAE VAT Calculator,/uae-vat-calculator/,Phase 3,Regional Business Tax,UAE,uae vat calculator,High,High,"Net/gross amount, standard/zero/exempt selection","VAT, net and gross",Apply current UAE VAT treatment for supported mode,Monitor UAE VAT rules,Yes,https://dda.gov.ae/en/gratuity-calculator/gratuity-calculator,Gulf Tools,,Not Started
89,Saudi VAT Calculator,/saudi-vat-calculator/,Phase 3,Regional Business Tax,Saudi Arabia,saudi vat calculator,High,High,"Net/gross amount, rate treatment","VAT, net and gross",Apply current Saudi VAT rate and reverse calculation,Monitor Saudi VAT rules,Yes,https://www.hrsd.gov.sa/en/ministry-services/services/end-service-benefit-calculator,Gulf Tools,,Not Started
90,India Income Tax Old vs New Regime Calculator,/india-income-tax-old-vs-new-regime-calculator/,Phase 3,Regional Pay & Tax,India,india income tax old vs new regime calculator,Very High,Very High,"Income heads, age, deductions, regime, cess/surcharge",Tax under both regimes and difference,Versioned Indian old/new regime calculations,Update annually,Yes,https://www.incometax.gov.in/iec/foportal/income-tax-calculator,India Tools,,Not Started
91,India SIP Calculator,/india-sip-calculator/,Phase 3,Regional Investing,India,india sip calculator,Very High,Very High,"Monthly investment, expected return, duration, step-up","Invested amount, estimated value and gain",Future value of periodic investments with optional annual step-up,Evergreen assumptions; user enters return,Yes,https://investor.sebi.gov.in/calculators/index.html,India Tools,,Not Started
92,India HRA Exemption Calculator,/india-hra-exemption-calculator/,Phase 3,Regional Pay & Tax,India,india hra exemption calculator,High,High,"Basic/DA, HRA received, rent, metro status",HRA exemption and taxable HRA,Minimum of statutory HRA exemption tests,Update when tax rules change,Yes,https://www.incometax.gov.in/iec/foportal/income-tax-calculator,India Tools,,Not Started
93,India EPF Calculator,/india-epf-calculator/,Phase 3,Regional Retirement,India,india epf calculator,High,High,"Basic wage, employee/employer rates, interest, years",Employee/employer contribution and estimated corpus,Versioned contribution split plus annual compounding,Review EPF rates/limits,Yes,https://labour.gov.in/en/faqs-labour-codes,India Tools,,Not Started
94,Pakistan Provident Fund Calculator,/pakistan-provident-fund-calculator/,Phase 3,Regional Retirement,Pakistan,pakistan provident fund calculator,Medium,Medium,"Salary, employee/employer rates, return, service period","Contributions, growth and projected fund",Periodic contributions with compound growth,Review employer/government scheme rules,Yes,https://www.fbr.gov.pk/,Pakistan Tools,,Not Started
95,Pakistan Salary Increment Calculator,/pakistan-salary-increment-calculator/,Phase 3,Regional Pay & Tax,Pakistan,pakistan salary increment calculator,Medium,Low,"Current basic pay, increment percent/amount, allowances","Revised basic, gross and annual increase",Add fixed/percentage increment and allowances,Evergreen unless tied to a government scale,Yes,https://www.fbr.gov.pk/,Pakistan Tools,,Not Started
96,Pakistan Sales Tax Calculator,/pakistan-sales-tax-calculator/,Phase 3,Regional Business Tax,Pakistan,pakistan sales tax calculator,High,High,"Net/gross amount, user-selected current rate, inclusive/exclusive","Sales tax, net and gross",Apply user-selected rate; reverse inclusive amount,Monitor FBR tax rates,Yes,https://www.fbr.gov.pk/,Pakistan Tools,,Not Started
97,Net Present Value Calculator,/net-present-value-calculator/,Phase 3,Business & Finance,Global,net present value calculator,High,High,"Initial investment, cash flows, discount rate",NPV and discounted cash-flow table,NPV=SUM(CFt/(1+r)^t)−initial investment,Evergreen,Yes,https://www.calculatorsoup.com/,Business Finance,,Not Started
98,Internal Rate of Return Calculator,/internal-rate-of-return-calculator/,Phase 3,Business & Finance,Global,internal rate of return calculator,High,Very High,Dated or periodic cash flows,IRR and NPV check,Numerically solve discount rate where NPV=0,Evergreen,Yes,https://www.calculatorsoup.com/,Business Finance,,Not Started
99,Depreciation Calculator,/depreciation-calculator/,Phase 3,Business & Finance,Global,depreciation calculator,High,High,"Asset cost, salvage, life, method, date",Annual depreciation and book-value schedule,"Straight-line, declining-balance and sum-of-years methods",Evergreen; tax methods need local disclaimer,Yes,https://www.calculatorsoup.com/,Business Finance,,Not Started
100,Mortgage Affordability Calculator,/mortgage-affordability-calculator/,Phase 3,Personal Finance,Global,mortgage affordability calculator,Very High,Very High,"Income, debts, down payment, rate, term, housing costs","Affordable payment, loan and home-price estimate",User-selected housing/DTI limits plus mortgage-payment formula,Evergreen assumptions; not lender approval,Yes,https://www.calculator.net/,Debt & Savings,,Not Started